CJIS_SPN,CJIS_CASE_NUMBER,CASE_DEFENDANT_ID,CHARGE_ID,OLD_STATUS,OLD_LOCATION,OLD_BOND_AMT
136313,2006CF1441A14,435389,590821,D,CLRK,
136313,2006CF1441A15,435389,590822,D,CLRK,
136313,2006CF1441A16,435389,590823,D,CLRK,
136313,2006CF1441A2,435389,590809,D,CLRK,
136313,2006CF1441A8,435389,590815,D,RLSDTS,
136313,2006CF1441A9,435389,590816,D,RLSDTS,
9072,2006CF1959A1,438034,594614,D,STPR,
9072,2006CF1959A3,438034,594616,D,CLRK,
145539,2006CF2362A1,440375,598020,D,STPR,
162582,2006CF3162A1,444675,604078,D,RLSDNI,
162582,2006CF3162A2,444675,604079,D,RLSDNI,
187821,2006CF4646A1,453351,616737,D,CLRK,
136313,2006CT1367A1,434028,588734,D,CLRK,
138047,2006MM6272A1,446992,607476,D,RLSDPT,
138047,2006MM6272A2,446992,607477,D,RLSDPT,
138047,2006MM6272A3,446992,607478,D,RLSDPT,
138047,2006MM6272A4,446992,607479,D,RLSDPT,
145539,2006MM7579A1,450281,612404,D,BOND,
59896,2007CF1916A2,468147,637139,D,RLSDTS,
59896,2007CF1916A3,468147,637136,D,RLSDNI,
59896,2007CF1916A5,468147,637140,D,RLSDNI,
64646,2007CF4015A1,481120,654695,D,RLSDPT,
136313,2007CT4207A1,481068,654607,D,RLSDTS,
136313,2007CT4207A3,481068,654609,D,RLSDTS,
136313,2007CT4207A4,481068,654610,D,RLSDTS,
136313,2007CT4207A5,481068,654611,D,RLSDTS,
136313,2007CT4207A6,481068,654612,D,RLSDNI,
64646,2008CF1816A1,497425,675736,D,CLRK,
138047,2008CF2983A1,502935,683660,D,STPR,
138047,2008CF2983A2,502935,683663,D,STPR,
138047,2008CF2983A3,502935,683664,D,CLRK,
138047,2008CF2983A4,502935,683662,D,CLRK,
138047,2008CF2983A5,502935,683659,D,CLRK,
138047,2008CF2983A6,502935,683661,D,CLRK,
201661,2008CF3753A1,507153,689716,D,STPR,
201661,2008CF3753A2,507153,689717,D,STPR,
199686,2008MM3938A1,500848,680578,D,RLSDTS,
121339,2009CF1236A1,518330,705442,D,CLRK,
121339,2009CF1236A2,518330,705443,D,CLRK,
121339,2009CF725A1,515273,701124,D,OTJA,
121339,2009CF725A2,515273,701125,D,CLRK,
187821,2010CF1334B1,542580,741518,D,CLRK,
187821,2010CF1334B2,542580,741519,D,CLRK,
187821,2010CF1335A1,541933,740674,D,CLRK,10000
187821,2010CF1335A2,541933,740675,D,CLRK,2500
61516,2010CF1472A1,542717,741690,D,CLRK,1500
59896,2010CF3410A1,552344,756823,D,CLRK,
195443,2010CT1477A1,541139,739439,D,CLRK,
148409,2011CF3720A1,576846,794079,D,RLSDPT,
148409,2011CF3720A4,576846,794078,D,CLRK,
217339,2011CF886A1,560796,771242,D,STPR,
136313,2011MM2320A1,564183,776337,D,CLRK,
148409,2011MM5340A1,576621,793731,D,CLRK,
65121,2012CF1202A1,586847,807938,D,RLSDTS,
65121,2012CF3320A1,609944,834805,D,RLSDTS,
59896,2012CF510A2,580577,799765,D,RLSDNI,
201661,2012MM3226A1,601392,824998,D,RLSDTS,
212395,2013MM1358A2,632560,861373,D,RLSDPB,
201661,2014CF1179A1,668598,908956,D,STPR,
201661,2014CF1179A2,668598,908957,D,STPR,
201661,2014CF1811A1,673964,915644,D,STPR,
201661,2014CF1811A2,673964,915646,D,RLSDTS,
201661,2014CF1811A3,673964,915645,D,STPR,
236045,2014CF3333A1,683635,929239,D,STPR,
217339,2014CF3575A2,685062,931211,D,STPR,
217339,2014CF3575A3,685062,931209,D,RLSDNI,
145539,2014MM1731A2,673460,915006,D,RLSDPT,
145539,2014MM1731A4,673460,915008,D,RLSDPT,
201661,2014MM2A1,653361,890265,D,RLSDTS,
236045,2015CF1088A1,692877,942005,D,STPR,
236045,2015CF1088A2,692877,942006,D,STPR,
236045,2015CF1799A1,698000,949409,D,STPR,
236045,2015CF1799A2,698000,949410,D,STPR,
150898,2015CF2136A1,700772,952737,D,RLSDTS,
243287,2015CF3742A3,714655,970711,D,RLSDPT,
243287,2015CF3742A5,714655,970713,D,CLRK,
195443,2015CF428A1,688976,936695,D,CLRK,10000
195443,2015CF428A2,688976,936696,D,CLRK,5000
195443,2015CF428A4,688976,936698,D,CLRK,5000
195443,2015CF428A5,688976,936699,D,CLRK,5000
195443,2015CF428A6,688976,936700,D,CLRK,5000
195443,2015CF428A7,688976,936701,D,CLRK,5000
59896,2015CF777A1,690804,939332,D,STPR,
233581,2015CT2146A1,705555,959530,D,RLSDPT,
241790,2015MM2308A1,703956,957331,D,CLRK,
61516,2015MM2792A1,706836,961592,D,CLRK,
61516,2015MM2792A2,706836,961591,D,RLSDTS,
238752,2015MM3260A2,710566,966179,D,RLSDTS,
236045,2015MM433A2,689244,937166,D,CLRK,
150898,2016CF1152A1,724261,984150,D,STPR,
199686,2016CF1431A1,726683,987131,D,CLRK,
199686,2016CF1431A2,726683,987132,D,CLRK,
199686,2016CF1431A3,726683,987133,D,CLRK,
199686,2016CF1431A4,726683,987134,D,CLRK,
187821,2016CF1675A1,727850,988683,D,RLSDTS,
134992,2016CF2832A1,732451,996391,D,STPR,
59896,2016CF3299A1,734736,999626,D,CLRK,
134992,2016CF3762A1,736848,1003991,D,STPR,
61516,2016CF3764A2,736851,1003995,D,RLSDNI,
244136,2016CT373A1,719450,978032,D,RLSDPT,
201661,2016HH420A1,722673,982283,D,STPR,
195443,2016MM2911A1,733758,998262,D,RLSDTS,
204440,2016MM3100A1,734401,999162,D,CLRK,
61516,2016MM3362A1,735265,1000477,D,CLRK,
187821,2017CF1319A1,743098,1013309,D,CLRK,
109530,2017CF244A1,738229,1006252,D,RLSDPT,
59896,2017CF3492A1,756490,1032346,D,STPR,
59896,2017CF3492A2,756490,1032347,D,STPR,
252913,2017CF3848A1,758260,1035235,D,STPR,
59896,2017CF3868A1,758413,1037627,D,STPR,
65121,2017CT759A1,741555,1011273,D,CLRK,
238752,2017MM1873A1,747080,1018986,D,RLSDPT,
59896,2017MM3788A1,757373,1033848,D,RLSDNP,
253489,2018CF124A1,761159,1039293,D,CLRK,
233581,2018CF3513A1,778858,1065449,D,STPR,
223416,2018CF3590A1,779293,1066055,D,CLRK,
223416,2018CF3590A2,779293,1066056,D,CLRK,
223416,2018CF3590A3,779293,1066054,D,CLRK,
255428,2018CT1129A1,769500,1051844,D,CLRK,
243287,2018CT501A1,764661,1044642,D,RLSDPT,
247546,2018HV24A1,766425,1047201,D,OTJA,
247546,2018HV24A2,766425,1047202,D,OTJA,
247546,2018HV24A3,766425,1047203,D,OTJA,
244136,2018MM898A1,765558,1045955,D,CLRK,
247546,2019CF1954A1,788981,1082025,D,CLRK,
247546,2019CF1954A2,788981,1082026,D,CLRK,
150898,2019CF1992A1,789072,1082422,D,CLRK,
218478,2019CF2896A1,792265,1087271,D,RLSDPB,
218478,2019CF2896A2,792265,1087272,D,RLSDPB,
61711,2019CF458A1,783707,1073173,D,RLSDPB,
217339,2019HH638A1,786662,1078000,D,STPR,
257857,2020CF1126A1,803548,1104725,D,RLSDPB,
257857,2020CF1126A2,803548,1104726,D,RLSDPB,
150898,2020CF1319A3,804164,1105859,D,RLSDTS,
103704,2020CF1776A1,807404,1108386,D,RLSDPB,
103704,2020CF1776A2,807404,1108387,D,RLSDPB,
145539,2020CF2212A3,808676,1110486,D,STPR,
259302,2020CF2781A1,810581,1115394,D,CLRK,
145539,2020CF2868A3,811004,1118177,D,RLSDTS,
265213,2020CF3266A1,813262,1121234,D,RLSDPB,
150898,2020CF385A1,800097,1099609,P,CLRK,
145539,2020CF963A10,802821,1103522,D,RLSDPT,
145539,2020CF963A11,802821,1103523,D,RLSDPT,
145539,2020CF963A12,802821,1103524,D,RLSDPT,
145539,2020CF963A13,802821,1103525,D,RLSDPT,
145539,2020CF963A14,802821,1103526,D,RLSDPT,
145539,2020CF963A15,802821,1103527,D,RLSDPT,
145539,2020CF963A23,802821,1103535,D,RLSDPT,
145539,2020CF963A9,802821,1103521,D,RLSDPT,
265187,2020CT1750A3,813077,1120871,D,CLRK,
252913,2020HH608A1,809199,1113377,D,STPR,
158759,2020MM107A1,798813,1097957,D,CLRK,
199275,2020MM1218A1,807641,1108778,D,RLSDTS,
255428,2020MM632A1,802345,1102880,F,CLRK,
150898,2020MM644A1,802433,1102969,D,RLSDTS,
199275,2020MM731A1,803075,1103967,D,RLSDTS,
29606,2021CF1610A1,822074,1133985,D,RLSDPT,
247546,2021CF2497A3,827432,1140885,D,RLSDPB,
267773,2021CF2741A1,828404,1142422,D,CLRK,
265213,2021CF75A1,814793,1123164,D,RLSDPB,
65121,2021CF927A1,818298,1128465,D,CLRK,
65121,2021CF927A2,818298,1128466,D,CLRK,
265774,2021CT360A1,816912,1126196,D,CLRK,
265774,2021CT360A2,816912,1126197,D,RLSDNP,
33345,2021HH260A1,820093,1131204,D,OTJA,
33345,2021HH260A2,820093,1131205,D,OTJA,
33345,2021HH260A3,820093,1131208,D,OTJA,
33345,2021HH260A4,820093,1131209,D,OTJA,
65121,2021HH28A1,815618,1124130,D,CLRK,
65121,2021HH28A2,815618,1124131,D,CLRK,
65121,2021HH28A3,815618,1124132,D,CLRK,
267850,2021HH650A1,828781,1142981,D,OTJA,
267850,2021HH650A2,828781,1142983,D,OTJA,
267773,2021MM1913A1,828988,1143263,D,CLRK,
256094,2022CF1136A1,835260,1153090,D,RLSDPT,
151099,2022CF132A2,831630,1147480,D,RLSDPB,
268592,2022CF168A1,831730,1147634,D,STPR,
268592,2022CF168A2,831730,1147635,D,STPR,
29606,2022CF1870A1,837749,1156889,D,RLSDPT,
151099,2022CF222A2,831917,1147954,D,RLSDPB,
208388,2022CF2757A1,840859,1161929,D,RLSDPT,
233581,2022CF3612A1,844478,1167756,D,STPR,
233581,2022CF3612A2,844478,1167757,D,STPR,
251798,2022MM1776A1,841299,1162633,D,RLSDTS,
251798,2022MM220A2,832333,1148645,D,RLSDTS,
150898,2023CF11A1,845119,1168538,D,STPR,
150898,2023CF11A2,845119,1168539,D,RLSDNP,
254700,2023CF1394A1,851037,1177648,D,RLSDPB,
254700,2023CF1394A2,851037,1177649,D,RLSDPB,
187821,2023CF1700A2,852508,1179743,D,CLRK,
33345,2023CF3290A6,859657,1190210,D,CLRK,
33345,2023CF3290A7,859657,1190211,D,CLRK,
268856,2023CF375A1,846746,1171001,D,CLRK,
149030,2023CF546A1,847361,1171963,D,RLSDNI,
269739,2023CF719A4,847930,1172832,D,CLRK,2500
255428,2023CT1146A1,852938,1180292,D,CLRK,
255428,2023CT1146A2,852938,1180293,D,CLRK,
255428,2023CT777A1,850252,1176418,D,CLRK,
255428,2023CT777A2,850252,1176417,D,CLRK,
255428,2023CT777A3,850252,1176416,D,CLRK,
251798,2023MM1277A1,853336,1180768,D,RLSDTS,
251798,2023MM1526A1,855157,1183653,D,CLRK,
251798,2023MM1526A2,855157,1183654,D,CLRK,
251798,2023MM1644A2,855921,1184720,D,CLRK,
251798,2023MM1660A1,856184,1184990,D,OREC,
251798,2023MM2071A1,858348,1188309,D,CLRK,
251798,2023MM2071A2,858348,1188310,D,CLRK,
251798,2023MM2071A3,858348,1188307,D,CLRK,
251798,2023MM2071A4,858348,1188308,D,CLRK,
274336,2023MM2354A1,859885,1190512,D,RLSDTS,
251798,2023MM2462A2,860329,1191309,D,CLRK,
251798,2023MM2555A1,860868,1192134,D,CLRK,
251798,2023MM505A1,848114,1173081,D,CLRK,
251798,2023MM505A2,848114,1173080,D,CLRK,
251798,2023MM862A2,850638,1177057,D,CLRK,
241790,2023MM979A1,851481,1178200,D,CLRK,
61516,2024CF1289A1,866053,1200112,D,CLRK,250
61516,2024CF1289A2,866053,1200113,D,CLRK,250
61516,2024CF1289A3,866053,1200114,D,RLSDNI,
61516,2024CF1289A5,866053,1200116,D,CLRK,
2344,2024CF14A2,861056,1192426,D,STPR,
64646,2024CF1910A1,868210,1203674,D,CLRK,
64646,2024CF1910A2,868210,1203675,D,CLRK,
257981,2024CF1963A1,868441,1204018,D,RLSDPT,
257981,2024CF1964A1,868444,1204022,D,RLSDPT,
199686,2024CF2289A2,869498,1206215,D,RLSDTS,
199686,2024CF2289A3,869498,1206216,D,STPR,
199686,2024CF2289A4,869498,1206217,D,RLSDTS,
199686,2024CF2289A5,869498,1206218,D,RLSDTS,
276864,2024CF2658A1,870938,1208378,O,CLRK,25000
276864,2024CF2658A2,870938,1208379,D,CLRK,2500
276864,2024CF2658A3,870938,1208380,D,CLRK,25000
258884,2024CF2662A1,870946,1208409,D,LCJ,
261342,2024CF267B1,864052,1196934,D,LCJ,
258884,2024CF2818A2,871612,1209443,D,LCJ,
277142,2024CF2936A2,872046,1210121,D,RLSDWD,
277142,2024CF2936A3,872046,1210123,D,RLSDNG,
261342,2024CF3432A1,874025,1213516,D,LCJ,
277061,2024CF3474A1,874214,1213776,D,RLSDWD,
277061,2024CF3474A2,874214,1213777,D,RLSDWD,
247546,2024CF888A1,864581,1197741,D,STPR,
235990,2024CT1080A2,868213,1203690,D,CLRK,
241790,2024HH1010A1,872839,1211386,D,RLSDWD,
255428,2024HH276A1,864859,1198233,D,CLRK,
233581,2024HH732A1,869789,1206661,D,STPR,
255428,2024HH856A1,870976,1208460,D,CLRK,
61516,2024MM1116A1,866940,1201635,D,RLSDNP,
61516,2024MM1116A3,866940,1201637,D,RLSDTS,
61516,2024MM1116A4,866940,1201638,D,RLSDTS,
247546,2024MM1442A1,868759,1204989,D,RLSDTS,
64646,2024MM1662A1,870158,1207243,D,CLRK,
274336,2024MM177A2,861935,1193825,D,RLSDTS,
274336,2024MM177A3,861935,1193826,D,RLSDNI,
251798,2024MM1808A1,870926,1208358,D,OREC,
251798,2024MM2244A1,873296,1212230,D,OREC,
251798,2024MM2339A2,873728,1212987,D,OREC,
175990,2024MM2414A1,874115,1213635,D,RLSDPT,
251798,2024MM2515A1,874653,1214462,D,OREC,
251798,2024MM76A1,861505,1193108,D,CLRK,
251798,2024MM76A3,861505,1193109,D,CLRK,
269253,2025CF1446A1,880324,1223774,D,RLSDPB,
222603,2025CF1494A1,880470,1224026,D,RLSDPB,
27792,2025CF1662A1,881097,1225080,D,RLSDTS,
27792,2025CF1662A2,881097,1225082,D,RLSDTS,
27792,2025CF1662A3,881097,1225081,D,RLSDTS,
27792,2025CF1754A1,881421,1225661,D,STPR,
27792,2025CF1754A2,881421,1225669,D,RLSDTS,
27792,2025CF1754A3,881421,1225662,D,RLSDTS,
27792,2025CF1754A4,881421,1225666,D,RLSDTS,
27792,2025CF1754A5,881421,1225664,D,RLSDTS,
27792,2025CF1754A6,881421,1225663,D,RLSDTS,
27792,2025CF1754A7,881421,1225667,D,RLSDTS,
224432,2025CF1769A1,881490,1225763,D,STPR,
279490,2025CF2137A1,882870,1227933,D,CLRK,150
279490,2025CF2137A2,882870,1227934,D,CLRK,2500
279490,2025CF2137A3,882870,1227935,D,CLRK,2500
31578,2025CF2275A2,883591,1228871,D,RLSDTS,
224552,2025CF230A1,875622,1215998,D,RLSDTS,
224552,2025CF230A2,875622,1215996,D,RLSDNP,
224552,2025CF230A3,875622,1215997,D,RLSDNI,
275999,2025CF2667A1,887084,1231354,D,CLRK,2500
233581,2025CF2824A3,887603,1232325,D,RLSDNI,
233581,2025CF2824A4,887603,1232326,D,RLSDNI,
222724,2025CF2831A1,887654,1232409,C,CAP.,
222724,2025CF2831A2,887654,1232411,C,CAP.,
222724,2025CF2831A3,887654,1232410,C,CAP.,
203027,2025CF3048A1,888444,1233667,D,STPR,
203027,2025CF3048A2,888444,1233668,D,RLSDTS,
175990,2025CF3204A1,889151,1234698,D,STPR,
175990,2025CF3204A2,889151,1234699,D,RLSDTS,
269253,2025CF792A1,877716,1219409,D,RLSDPB,
269253,2025CF824A2,877852,1219595,D,RLSDPB,
259177,2025CF839A1,877914,1219692,D,RLSDPT,
269253,2025CF897A1,878234,1220193,D,RLSDPB,
280177,2025CT1818A2,888139,1233160,D,RLSDNP,
279010,2025HH526A1,880583,1224229,D,OTJA,
252913,2025HH679A1,882450,1227276,D,OTJA,
241790,2025HH83A1,875927,1216392,D,RLSDWD,
148409,2025MM105A1,875424,1215615,F,CLRK,
204440,2025MM1137A1,881361,1225553,D,CLRK,
204440,2025MM1151A1,881444,1225705,D,CLRK,
204440,2025MM1213A1,881686,1226119,D,OREC,
251798,2025MM1233A1,881850,1226359,D,OREC,
251798,2025MM1233A2,881850,1226360,D,OREC,
279417,2025MM1355A1,882548,1227427,D,RLSDNP,
279417,2025MM1355A2,882548,1227428,D,RLSDTS,
221020,2025MM1359A1,882557,1227442,D,RLSDNI,
251798,2025MM1435A1,883086,1228201,D,CLRK,
251798,2025MM1498A1,883532,1228793,D,CLRK,
279490,2025MM1554A2,883978,1229461,C,CAP.,
279490,2025MM1554A3,883978,1229462,C,CAP.,
274907,2025MM2076A1,888729,1234099,D,RLSDPT,
274907,2025MM2076A3,888729,1234101,D,RLSDPT,
274907,2025MM2076A4,888729,1234102,D,RLSDPT,
199686,2025MM2353A1,890121,1236257,D,RLSDTS,
199275,2025MM726A1,878723,1221304,D,RLSDTS,
251798,2025MM837A2,879468,1222432,D,OREC,
281492,2026CF1067A1,894206,1243707,D,RLSDPB,
238480,2026CF1334A1,895216,1245223,D,RLSDTS,
238480,2026CF1334A2,895216,1245224,D,RLSDTS,
158208,2026CF1389A1,895398,1245492,D,STPR,
158208,2026CF1389A2,895398,1245494,D,RLSDTS,
158208,2026CF1389A3,895398,1245493,D,RLSDTS,
204993,2026CF1729A1,896801,1247495,D,OTJA,
202795,2026CF1769A2,896963,1247726,F,RLSDNI,
196085,2026CF376A1,891671,1239002,D,STPR,
196085,2026CF376A2,891671,1239001,D,RLSDTS,
196085,2026CF376A3,891671,1239000,D,RLSDTS,
183085,2026CF555A1,892352,1240169,D,RLSDTS,
183085,2026CF555A2,892352,1240170,D,RLSDTS,
183085,2026CF555A3,892352,1240168,D,RLSDTS,
183085,2026CF555A4,892352,1240167,D,RLSDNI,
164272,2026CF581A1,892441,1240304,D,RLSDPB,
164272,2026CF581A2,892441,1240305,D,RLSDTS,
114172,2026CF660A1,892726,1240734,D,RLSDTS,
256479,2026CF939A1,893775,1242985,D,CLRK,1000
256479,2026CF939A2,893775,1242986,D,CLRK,
205541,2026CT948A1,897771,1249435,D,RLSDTS,
281224,2026HH231A1,892960,1241101,D,OTJA,
150898,2026HH244A1,893115,1241367,D,STPR,
280709,2026HH26A1,890664,1237059,D,OTJA,
241024,2026HH369A1,894568,1244251,D,STPR,
268592,2026HH432A1,895107,1245030,D,RLSDWD,
268592,2026HH432A2,895107,1245031,D,RLSDWD,
235990,2026HH460A1,895379,1245453,D,OTJA,
150898,2026HH524A1,895914,1246299,D,STPR,
280025,2026HH546A1,896056,1246620,D,OTJA,
281736,2026HH668A1,897880,1249586,D,OTJA,
281736,2026HH668A10,897880,1249595,D,OTJA,
281736,2026HH668A11,897880,1249596,D,OTJA,
281736,2026HH668A12,897880,1249597,D,OTJA,
281736,2026HH668A13,897880,1249598,D,OTJA,
281736,2026HH668A14,897880,1249599,D,OTJA,
281736,2026HH668A15,897880,1249600,D,OTJA,
281736,2026HH668A16,897880,1249601,D,OTJA,
281736,2026HH668A17,897880,1249602,D,OTJA,
281736,2026HH668A2,897880,1249587,D,OTJA,
281736,2026HH668A3,897880,1249588,D,OTJA,
281736,2026HH668A4,897880,1249589,D,OTJA,
281736,2026HH668A5,897880,1249590,D,OTJA,
281736,2026HH668A6,897880,1249591,D,OTJA,
281736,2026HH668A7,897880,1249592,D,OTJA,
281736,2026HH668A8,897880,1249593,D,OTJA,
281736,2026HH668A9,897880,1249594,D,OTJA,
282185,2026HH676A1,898038,1249816,D,OTJA,
266855,2026HV25A1,897323,1248344,D,OTJA,
266855,2026HV25A2,897323,1248345,D,OTJA,
266855,2026HV25A3,897323,1248346,D,OTJA,
266855,2026HV25A4,897323,1248347,D,OTJA,
266855,2026HV25A5,897323,1248348,D,OTJA,
280258,2026HV28A1,897933,1249682,D,OTJA,
265774,2026MM1034A1,895829,1246139,D,RLSDTS,
251798,2026MM1041A2,895851,1246178,O,OREC,
173667,2026MM1136A1,896345,1246968,O,RLSDWD,
173667,2026MM1136A2,896345,1246969,O,RLSDWD,
222603,2026MM1202A1,896852,1247590,D,RLSDTS,
223980,2026MM1305A1,897517,1248669,D,RLSDTS,
273519,2026MM1318A1,897600,1248768,D,RLSDTS,
207539,2026MM1351A1,897775,1249440,D,RLSDTS,
251798,2026MM446A1,892468,1240350,D,CLRK,
279417,2026MM73A1,890695,1237111,C,OSCV,
179675,2026MM783A1,894421,1244068,D,RLSDTS,
179675,2026MM783A2,894421,1244069,D,RLSDTS,
251798,2026MM983A1,895521,1245633,O,BOND,500
