CJIS_SPN,CJIS_CASE_NUMBER,CASE_DEFENDANT_ID,CHARGE_ID,OLD_STATUS,OLD_LOCATON,BOND_AMT
195946,2014CF2855A5,680594,924530,D,RLSDNP,
158217,2026CF1341A2,895243,1245247,D,RLSDNI,
158217,2026CF1341A1,895243,1245246,D,RLSDPB,
105256,2024CF2413A1,869939,1206896,D,RLSDPT,
101471,2011CT3037A1,569884,784589,D,CLRK,
24533,2026CF855A2,893490,1253191,D,RLSD,
33345,2023CF3290A6,859657,1190210,D,RLSDNI,
33345,2023CF3290A7,859657,1190211,D,RLSDNI,
148409,2011CF3720A4,576846,794078,D,RLSD,
127176,2026CF176A1,890972,1237925,D,RLSDPT,
148409,2011CF3720A1,576846,794079,D,RLSDPT,
148409,2011MM5340A1,576621,793731,D,CLRK,
245366,2024CF1322A1,866156,1200296,D,FSHOSP,
245366,2024CF1322A2,866156,1200297,D,FSHOSP,
248499,2017CF137A2,737832,1005625,D,OREC,
195946,2007MM8580A1,483713,658437,D,RLSD,
195946,2009MM6508A1,534065,729890,D,RLSD,
195946,2009MM6508A2,534065,729891,D,RLSD,
195946,2014CF2123A1,676039,918509,D,RLSD,
180849,2024CF2517A1,870350,1207491,D,RLSDPT,
251798,2023CF3156A1,859033,1189320,D,CLRK,
251798,2023CF3156A2,859033,1189321,D,CLRK,
251798,2023CF3156A3,859033,1189322,D,CLRK,
251798,2023MM2071A2,858348,1188310,D,CLRK,
251798,2023MM2071A3,858348,1188307,D,CLRK,
251798,2023MM2071A4,858348,1188308,D,CLRK,
251798,2025CF1707A3,881252,1225358,D,CLRK,
252913,2017CF3848A1,758260,1035235,D,CLRK,
260219,2019CF2743A1,791723,1086448,D,CLRK,
279490,2025CF2137A1,882870,1227933,D,CLRK,
279490,2025CF2137A2,882870,1227934,D,CLRK,
279490,2025CF2137A3,882870,1227935,D,CLRK,
281633,2026CF1229A1,894813,1244630,D,CLRK,
281633,2026CF1229A2,894813,1244631,D,CLRK,
281633,2026CF1229A3,894813,1244632,D,CLRK,
281733,2026CT667A1,895336,1245376,D,CLRK,
61931,2006CF2631A1,441795,600017,D,CLRK,
278162,2025CF3396A1,889920,1235945,D,FSHOSP,
278162,2025CF3396A2,889920,1235946,D,FSHOSP,
278162,2025CF3396A3,889920,1235947,D,FSHOSP,
279895,2025CF2634A1,886906,1231087,D,RLSD,
279895,2025CF2634A2,886906,1231086,D,RLSD,
279895,2025CF2634A3,886906,1231088,D,RLSD,
279895,2025CF2634A4,886906,1231089,D,RLSD,
279895,2025CF2634A5,886906,1231090,D,RLSD,
282146,2026CF1929A1,897816,1249491,D,OTJA,
282146,2026CF1929A2,897816,1249492,D,OTJA,
210197,2026CF1035A1,894120,1243543,D,RLSD,
210197,2026MM779A1,894388,1244001,D,RLSD,
75326,2025CF3425A1,890026,1236107,D,RLSD,
75326,2025CF3425A3,890026,1236108,D,RLSD,
85585,2005CT868A1,405262,548569,D,RLSD,
149030,2023CF546A1,847361,1171963,D,RLSDNI,
251798,2025CF1707A1,881252,1225356,D,RLSDNI,
260219,2019CF2854A6,792094,1087037,D,RLSDNI,
281928,2026CF1664A1,896422,1247071,D,RLSDNI,
281928,2026CF1664A2,896422,1247072,D,RLSDNI,
281928,2026CF1664A3,896422,1247070,D,RLSDNI,
185499,2026MM1560A1,899018,1251371,D,RLSDPB,
151876,2025CF2149A1,882941,1228024,D,RLSDPT,
208991,2014MM1116A1,667116,907116,D,RLSDPT,
233701,2017CF876A2,740818,1010272,D,RLSDPT,
185499,2026MM1560A2,899018,1251372,D,RLSDTS,
101471,2010MM272A1,535549,731915,D,RLSDTS,
150898,2020CF385A1,800097,1099609,D,RLSDTS,
185499,2026MM1560A3,899018,1251373,D,RLSDTS,
227182,2021CF761A1,817799,1127662,D,RLSDTS,
228844,2026CF722A1,892979,1241132,D,RLSDTS,
228844,2026CF722A2,892979,1241133,D,RLSDTS,
238480,2026CF1334A1,895216,1245223,D,RLSDTS,
238480,2026CF1334A2,895216,1245224,D,RLSDTS,
275316,2024CF683A1,863727,1196517,D,FSHOSP,
260219,2019CF2854A2,792094,1087034,D,STPR,
260219,2019CF2854A3,792094,1087035,D,STPR,
260219,2019CF2854A4,792094,1087038,D,STPR,
260219,2019CF2854A5,792094,1087036,D,STPR,
204440,2021CF1438A1,820904,1132391,D,RLSDWD,
204440,2024CF2436A1,870026,1207017,D,RLSDWD,
151876,2026CF1338A1,895223,1245232,D,RLSDTS,
192198,2026CF1569A1,896049,1246512,D,RLSD,
197262,2024CF2301A1,869543,1206275,D,RLSD,
199686,2024CF2289A2,869498,1206215,D,RLSD,
199686,2024CF2289A3,869498,1206216,D,RLSD,
199686,2024CF2289A4,869498,1206217,D,RLSD,
199686,2024CF2289A5,869498,1206218,D,RLSD,
210552,2026CF1661A1,896415,1247053,D,RLSD,
238752,2019CF2049A1,789257,1082685,D,RLSD,
238752,2019CF2049A2,789257,1082686,D,RLSD,
242792,2026CF779A1,893217,1241523,D,RLSD,
244015,2026MM26A1,890448,1236734,D,RLSD,
244136,2019CT1368A2,790088,1083971,D,RLSD,
253489,2023MM1487A1,854890,1183263,D,RLSD,
256479,2026CF939A1,893775,1242985,D,RLSD,
256479,2026CF939A2,893775,1242986,D,RLSD,
61931,2006CT3383A2,444190,603758,D,RLSD,
258230,2019CT61A1,782311,1070729,D,RLSD,
255662,2022CF1756A1,837309,1156251,D,RLSDCR,
255662,2022CF1756A2,837309,1156249,D,RLSDCR,
255662,2022CF1756A3,837309,1156250,D,RLSDCR,
255662,2022CF1756A4,837309,1156252,D,RLSDCR,
255623,2024CF2574A1,870584,1207832,D,RLSDPB,
162205,2026MM993A1,895582,1245736,O,BOND,
164453,2026CF1511A1,895861,1246203,O,BOND,
164453,2026CF1511A2,895861,1246202,O,BOND,
164453,2026CF1511A3,895861,1246204,O,BOND,
175832,2026CF1737A1,896821,1247540,O,BOND,
190226,2026CF2676A1,900236,1252126,O,BOND,
190226,2026CF2676A2,900236,1252127,O,BOND,
190226,2026CF2676A3,900236,1252128,O,BOND,
190226,2026CF2676A4,900236,1252129,O,BOND,
190226,2026CF2676A5,900236,1252130,O,BOND,
236302,2026CF1824A1,897255,1248260,O,BOND,
187480,2026CT1226A1,900227,1252120,O,PTRL,
203514,2026CF1196A1,894697,1244451,O,PTRL,
203514,2026CF1196A2,894697,1244452,O,PTRL,
203514,2026CF1196A3,894697,1244453,O,PTRL,
203514,2026CF1196A4,894697,1244454,O,PTRL,
253291,2026CF2272A1,899429,1252008,O,PTRL,
155663,2026CF1305A2,895076,1244996,O,BOND,
155663,2026CF1305A3,895076,1244995,O,BOND,
155663,2026CF1305A4,895076,1244997,O,BOND,
217569,2026MM1198A1,896847,1247584,O,OREC,
254880,2026MM2128A1,901922,1252778,O,RLSD,
213498,2021CF2857A1,828874,1143125,D,RLSDPB,
210552,2026CT834A1,896820,1247539,O,BOND,
282553,2026MM2181A1,903573,1253164,O,BOND,
261883,2019CF3736A1,795565,1092437,D,CLRK,
269253,2025CF1446A1,880324,1223774,D,CLRK,
269253,2025CF792A1,877716,1219409,D,CLRK,
269253,2025CF824A2,877852,1219595,D,CLRK,
269253,2025CF897A1,878234,1220193,D,CLRK,
274336,2023CF3199A1,859229,1189628,D,CLRK,
270064,2023CF2473A2,856518,1185469,D,RLSDBE,
270064,2023CF2473A3,856518,1185470,D,RLSDBE,
261883,2019CF3736A2,795565,1092438,D,RLSDDS,
267639,2026CF1989A1,898104,1249922,D,RLSDNI,
267639,2026CF1989A2,898104,1249923,D,RLSDNI,
268856,2022CF454A2,832855,1149401,D,RLSDNI,
268856,2023CF375A1,846746,1171001,D,RLSDNI,
269376,2026CF1626A1,896275,1246884,D,RLSDTS,
269376,2026CF1626A2,896275,1246885,D,RLSDTS,
272755,2023CT804A1,850353,1176560,D,RLSDTS,
270418,2026CF907A1,893648,1242819,D,FSHOSP,
270418,2026CF907A2,893648,1242820,D,FSHOSP,
268592,2022CF168A1,831730,1147634,D,STPR,
268592,2022CF168A2,831730,1147635,D,STPR,
261883,2026CF2216A2,899222,1251664,O,BOND,
261883,2026CF2216A3,899222,1252740,O,BOND,
263727,2020CF1348A1,804235,1105986,O,CLRK,
263727,2021CF21A1,814457,1122752,O,CLRK,
263727,2021CF21A2,814457,1122753,O,CLRK,
263727,2021CF21A3,814457,1122754,O,CLRK,
268856,2022CF454A1,832855,1149400,O,PTRL,
269718,2022CT989A1,836413,1154846,R,OREC,
42374,2023MM2579A1,860964,1192284,D,RLSD,
164570,2023CF3288A2,859655,1199628,D,RLSDPB,
164570,2023CF3288A3,859655,1199629,D,RLSDPB,
164570,2023CF3288A4,859655,1199630,D,RLSDPB,